module,skill,display-name,menu-code,description,action,args,phase,preceded-by,followed-by,required,output-location,outputs
Marketing Growth Suite,abm-program,Abm Program,ABP,"Quarterly ABM program workflow. Lead: Frank Field (Field Marketing). Tiering → orchestration → signals → measurement, with paired AE pods. Use when user says ABM program, named-account program, or quarterly ABM motion.",activate,,anytime,,,false,{output_folder}/work/{program-name},"tiering, orchestration, signals, attribution, retro"
Marketing Growth Suite,abm-strategist,Abm Strategist,AS,"ABM Strategist — designs 1:1 / 1:few / 1:many ABM programs against named accounts, with paired AE handoffs and double-count-aware attribution. Operates inside the brief-driven protocol. Also known as Aldo ABM. Use when user says ABM tiering, account orchestration, signals-to-actions, or ABM attribution.",activate,,anytime,,,false,{output_folder}/work/{deliverable-id},"tiering, orchestration, signals, attribution"
Marketing Growth Suite,account-dossier,Account Dossier,AD,"Account dossier standard and build workflow. Lead: Sam Sell (New-Business Orchestrator). Owns the dossier contract: structure, house style, source fidelity, enrichment provenance, message craft, and the branded HTML render. Every agent that writes into a dossier reads this first. Use when user says account dossier, build a dossier, dossier structure, dossier style, or render a dossier.",activate,,anytime,,,false,{output_folder}/work/dossiers/{account-id},"dossier.md, account.md, branded HTML render"
Marketing Growth Suite,account-research-analyst,Account Research & Signals Analyst,RR,"Account research and signals analyst who builds a comprehensive prospect profile from live web research and Clay company enrichment, captures the why-now, scans for buying triggers and intent, and maintains the signal library. Operates inside the brief-driven protocol. Also known as Remy Research. Use when user says research this account, build an account profile, firmographics, technographics, buying signals, triggers, intent, why now, or monitor this account.",activate,,anytime,,,false,{output_folder}/work/{account-id},"account-profile.md, why-now, signal scan, signal-library.md"
Marketing Growth Suite,account-sourcing-strategist,Account Sourcing & Scoring Strategist,TT,"Account sourcing and scoring strategist who turns the ICP into a sourced, A/B/C-tiered target-account list using Clay company enrichment and intent, scores each offering's appeal per account keeping fit and timing as separate scores, and maintains the reusable scoring model. Operates inside the brief-driven protocol. Also known as Tara Target. Use when user says build a target list, source accounts, account tiering, who should we pursue, score this account, fit scoring, propensity, ICP fit, or action tier.",activate,,anytime,,,false,{output_folder}/work/target-accounts,"tiered target-account list, fit-scorecard.md, icp-fit-model.md"
Marketing Growth Suite,analyst-briefing,Analyst Briefing,AB,"Analyst briefing workflow (incl. Gartner MQ / Forrester Wave prep). Lead: Penny PR. Delegates to Ana Analyst. Use when user says analyst briefing, MQ submission prep, Wave submission, or MarketScape prep.",activate,,anytime,,,false,{output_folder}/work/{yyyy-mm-analyst},"prep brief, briefing/submission delivery, post-publication response"
Marketing Growth Suite,analyst-relations-specialist,Analyst Relations Specialist,ARS,"Analyst Relations Specialist — Gartner / Forrester / IDC briefings, MQ / Wave submission prep, inquiries, post-publication response. Operates inside the brief-driven protocol. Also known as Ana Analyst. Use when user says Gartner briefing, MQ submission, Wave prep, MarketScape, or customer inquiry.",activate,,anytime,,,false,{output_folder}/work/{deliverable-id},"briefing deck, MQ/Wave submission, inquiry prep"
Marketing Growth Suite,annual-planning,Annual Planning,APL,"Annual marketing plan workflow. Lead: Max Growth (CMO Orchestrator). Produces a domain-by-domain plan, quarterly sequencing, budget split, and the brief packs each domain needs to start the year. Use when user says annual plan, year planning, or kickoff-of-year workflow.",activate,,anytime,,,false,{output_folder}/work/{yyyy}-annual-plan,"annual plan, budget split, 8 per-domain brief packs"
Marketing Growth Suite,brand-narrative-strategist,Brand Narrative Strategist,BNS,"Brand Narrative & Voice Strategist — architects through-lines across the funnel, writes brand-voice exemplars, audits consistency. Operates inside the brief-driven protocol. Also known as Nara Narrative. Use when user says narrative architecture, voice exemplars, or voice audit.",activate,,anytime,,,false,{output_folder}/work/{deliverable-id},"narrative architecture, voice exemplars, voice audit"
Marketing Growth Suite,brand-orchestrator,Brand Orchestrator,BO,"Brand Lead — owns brand-voice.md, brand narrative, and international localization strategy. Delegates to Brand Narrative Strategist and Localization Lead. Also known as Brio Brand. Use when user says brand voice, brand narrative, localization, or brand audit.",activate,,anytime,,,false,{output_folder}/work/{deliverable-id},"brand voice updates, briefs"
Marketing Growth Suite,buying-committee-mapper,Buying Committee Mapper,BCM,"Buying committee mapper who identifies the right people in a target account using Clay contact enrichment and LinkedIn, mapping the MEDDPICC decision-making unit. Operates inside the brief-driven protocol. Also known as Cleo Contact. Use when user says find the right people, buying committee, decision makers, champion, or org map.",activate,,anytime,,,false,{output_folder}/work/{account-id},"buying-committee.md, buying-committee-model.md"
Marketing Growth Suite,channel-partner-orchestrator,Channel Partner Orchestrator,CPO,"Channel & Partner Marketing Lead who owns and produces partner co-marketing, joint campaigns, marketplace listings (AWS, Salesforce, Atlassian, etc.), and channel enablement directly. Also known as Charlie Channel. Use when user says channel plan, partner co-marketing, joint campaign, marketplace listing, or channel enablement.",activate,,anytime,,,false,{output_folder}/work/{deliverable-id},"channel plan, joint campaign, marketplace listing, channel enablement"
Marketing Growth Suite,company-context-bootstrap,Company Context Bootstrap,CCB,"Builds & maintains {output_folder}/company-context/ as a Google OKF bundle (ICP, positioning, brand voice, KPIs, tech-stack + index.md/log.md). Four modes: scratch intake, import & adapt another project's context, migrate existing non-OKF files to OKF, ingest the input/ folder. Must be run before any v2 agent. Lead: marketing-orchestrator. Use when user says set up company context, bootstrap, initial intake, import/clone context, migrate to OKF, or ingest input folder.",activate,,anytime,,,false,{output_folder}/company-context,"icp.md, positioning.md, brand-voice.md, kpis.md, tech-stack.md, index.md, log.md, sources/"
Marketing Growth Suite,competitive-intelligence-pmm,Competitive Intelligence Pmm,CIP,"Competitive Intelligence PMM — builds teardowns, battle cards, win/loss patterns. Reports to Product Marketing Lead via brief-driven protocol. Also known as Connor Compete. Use when user says competitor teardown, battle card, win/loss analysis, or competitive landscape.",activate,,anytime,,,false,{output_folder}/work/{deliverable-id},"teardown, battle card, win/loss"
Marketing Growth Suite,competitive-teardown,Competitive Teardown,CT,"Single-competitor teardown workflow. Lead: Priya Position (PMM). Produces a teardown + battle card + landscape-section update. Use when user says competitive teardown workflow, single-competitor deep-dive, or battle card production.",activate,,anytime,,,false,{output_folder}/work/{yyyy-mm-competitor-X-teardown},"teardown, battle card, landscape adoption"
Marketing Growth Suite,contact-approach-writer,Outbound Writer & Sequencer,CAW,"Outbound writer and sequencer who crafts personalized per-contact outreach messages with PAS / Before-After-Bridge frameworks and signal-specific openers, then assembles them into a multi-touch, multi-channel cadence with timing and channel logic. Operates inside the brief-driven protocol. Also known as Aria Approach. Use when user says write outreach, cold email, per-contact messages, personalize the approach, sequence, cadence, multi-touch, or channel plan.",activate,,anytime,,,false,{output_folder}/work/{account-id},"approach-messages.md, sequence-plan.md, playbooks/message-frameworks.md, playbooks/sequences.md"
Marketing Growth Suite,content-architect,Content Architect,CA,"Content Marketing Lead — owns the content engine (editorial calendar, briefs, blog architecture, landing pages, pillar pages) and coordinates Content SEO + Technical Content Writer. Milo Page, elevated to domain orchestrator. Use when user says editorial calendar, content brief, blog architecture, pillar page, or content audit.",activate,,anytime,,,false,{output_folder}/work/{deliverable-id},"editorial calendar, brief, blog/pillar/landing page, audit"
Marketing Growth Suite,content-pipeline,Content Pipeline,CP,"End-to-end content creation workflow from brief to publication. Lead: content-architect. Use when user says content workflow, brief to publication, or end-to-end content production.",activate,,anytime,,,false,{output_folder}/work/{piece-id},"draft-final.md, distribution-plan.md, performance-report.md"
Marketing Growth Suite,content-seo-strategist,Content Seo Strategist,CSS,"Content SEO Strategist — content-side organic growth: keyword research, search intent, SERP analysis, content gaps, topic clusters, backlinks via content. Technical SEO is the Technical SEO Engineer's job. Also known as Quinn Crawler. Use when user says keyword research, content gaps, SERP analysis, topic cluster, or content-side quick wins.",activate,,anytime,,,false,{output_folder}/work/{deliverable-id},"keyword research, content gaps, topic clusters, quick wins"
Marketing Growth Suite,customer-advocacy-references,Customer Advocacy References,CAR,"Customer Advocacy & References Specialist who runs advocate identification, case studies, reference-call programs, and customer advisory operations, and owns the shared case-studies proof library. Operates inside the brief-driven protocol. Also known as Cara Customer. Use when user says case study, reference call program, advocate identification, or customer advisory board.",activate,,anytime,,,false,{output_folder}/work/{deliverable-id},"advocate ID, case study, case-studies/, reference program, CAB ops"
Marketing Growth Suite,digital-marketing-orchestrator,Digital Marketing Orchestrator,DMO,"Digital Marketing Lead — owns the full digital stack: web/CRO, paid search, paid social & demand, marketing automation, technical SEO. Delegates via brief-driven protocol. Also known as Dani Demand. Use when user says digital plan, paid + web + automation coordination, or quarterly digital allocation.",activate,,anytime,,,false,{output_folder}/work/{deliverable-id},"digital plan, briefs"
Marketing Growth Suite,events-webinars-producer,Events Webinars Producer,EWP,"Events & Webinars Producer — runs hosted dinners, summits, webinars, sponsored booths, and conference plays end-to-end. 24-hour follow-up motion or no event. Operates inside the brief-driven protocol. Also known as Ella Event. Use when user says webinar production, hosted dinner, summit, conference, or post-event follow-up.",activate,,anytime,,,false,{output_folder}/work/{deliverable-id},"pre-event, run-of-show, follow-up, contingency"
Marketing Growth Suite,experimentation-funnel-lead,Experimentation Funnel Lead,EFL,"Experimentation & Funnel Lead — designs single experiments, runs funnel audits, builds funnel-scorecard dashboards. Operates inside the brief-driven protocol. Also known as Eli Experiment. Use when user says experiment design, funnel audit, scorecard, or read-out with rollout decision.",activate,,anytime,,,false,{output_folder}/work/{deliverable-id},"experiment design, funnel audit, scorecard, read-out"
Marketing Growth Suite,experimentation-sprint,Experimentation Sprint,ES,"2-week experimentation sprint. Lead: Greta Growth (Growth Marketing). Picks 1-3 hypotheses from the backlog, designs experiments, ships, reads out, decides rollout. Use when user says experimentation sprint, AB test sprint, or 2-week experimentation cycle.",activate,,anytime,,,false,{output_folder}/work/{sprint-name},"experiment designs, read-outs, sprint retro"
Marketing Growth Suite,field-marketing-orchestrator,Field Marketing Orchestrator,FMO,"Field Marketing Lead — owns ABM, events & webinars, customer advocacy, and social media coordination. Delegates via the brief-driven protocol. Also known as Frank Field. Use when user says ABM, events, webinars, customer advocacy, social motion, or field plan.",activate,,anytime,,,false,{output_folder}/work/{deliverable-id},"field plan, briefs"
Marketing Growth Suite,growth-analyst,Growth Analyst,GAN,"Measurement & Attribution Staff — owns kpis.md, attribution models, forecasting, dashboards, and scoring-model design. MarOps moved out to Marketing Automation Engineer in v2. Also known as Pixel Metrics. Use when user says attribution, KPIs, forecast, dashboard, scoring model, or funnel analysis.",activate,,anytime,,,false,{output_folder}/work/{audit-id},"kpis, attribution, dashboards, scoring spec"
Marketing Growth Suite,growth-audit,Growth Audit,GAU,"Comprehensive growth metrics audit workflow that analyzes all marketing channels and provides actionable recommendations. Lead: growth-analyst. Use when user says growth audit, marketing audit, or comprehensive metrics review.",activate,,anytime,,,false,{output_folder}/work/{audit-id},"growth audit report, SWOT, recommendations, KPI framework"
Marketing Growth Suite,growth-marketing-orchestrator,Growth Marketing Orchestrator,GMO,"Growth Marketing Lead — owns lifecycle/activation, experimentation, and funnel diagnostics. Delegates to Lifecycle & Activation Specialist and Experimentation & Funnel Lead. Also known as Greta Growth. Use when user says growth plan, lifecycle program, experiment, or funnel audit.",activate,,anytime,,,false,{output_folder}/work/{deliverable-id},"growth plan, briefs"
Marketing Growth Suite,gtm-orchestrator,Gtm Orchestrator,GTM,"Go-to-Market Orchestrator — the one orchestrator aware of every orchestrator and agent in the suite. Routes any request to the right wing (Max Growth's marketing org or Sam Sell's sales-prospecting org), aligns marketing and sales on one account narrative, and is the final escalation path before the user. Also known as Rae Revenue. Use when user says GTM, go-to-market, which agent should I use, align marketing and sales, revenue plan, or top-level escalation.",activate,,anytime,,,false,{output_folder}/work/{deliverable-id},"GTM plan, handoff spec, escalation decision"
Marketing Growth Suite,launch-sales-enablement-pmm,Launch Sales Enablement Pmm,LSE,"Launch & Sales Enablement PMM — owns the launch narrative, GTM bundles, and sales enablement assets. Inherits Luna Blast's launch program-management role, recast for B2B technology. Also known as Lana Launch. Use when user says launch narrative, sales bundle, demo script, FAQ, or one-pager.",activate,,anytime,,,false,{output_folder}/work/{deliverable-id},"launch narrative, one-pager, demo, FAQ"
Marketing Growth Suite,lifecycle-activation,Lifecycle Activation,LA,"Lifecycle & Activation Specialist — designs activation, nurture, and expansion programs across email, in-app, push, and SMS. Ember Flow, repositioned beyond email. Operates inside the brief-driven protocol. Use when user says nurture sequence, activation program, lifecycle map, or win-back sequence.",activate,,anytime,,,false,{output_folder}/work/{deliverable-id},"lifecycle program, sequences, messages"
Marketing Growth Suite,lifecycle-program-build,Lifecycle Program Build,LPB,"Lifecycle program build workflow. Lead: Greta Growth. Designs and ships a multi-channel lifecycle program (activation / nurture / expansion / win-back). Use when user says lifecycle program build, nurture program design, or activation program build.",activate,,anytime,,,false,{output_folder}/work/{yyyy-mm-lifecycle},"program brief, sequence, MAP workflow, read-out"
Marketing Growth Suite,localization-international-lead,Localization International Lead,LIL,"Localization & International Lead — runs per-locale voice adaptation, glossary and translation-memory operations, in-market reviewer plans. Operates inside the brief-driven protocol. Also known as Lily Locale. Use when user says locale rollout, glossary, translation memory, or locale QA.",activate,,anytime,,,false,{output_folder}/work/{deliverable-id},"locale rollout, glossary, translation memory, QA plan"
Marketing Growth Suite,localization-rollout,Localization Rollout,LR,"Localization rollout workflow. Lead: Brio Brand. End-to-end locale launch with Lily Locale, in-market reviewers, and hreflang hand-off to Tek Crawl. Use when user says locale launch, localization rollout, or new-locale go-to-market.",activate,,anytime,,,false,{output_folder}/work/{yyyy-mm-locale-rollout},"rollout plan, build, QA, hreflang, quality watch"
Marketing Growth Suite,marketing-automation-engineer,Marketing Automation Engineer,MAE,"Marketing Automation Engineer — HubSpot/Marketo/Pardot workflows, lead routing, scoring rules, MAP↔CRM integration. Owns tech-stack.md. Operates inside the brief-driven protocol. Also known as Mark Auto. Use when user says MAP workflow, lead routing, scoring model, runbook, or HubSpot/Marketo build.",activate,,anytime,,,false,{output_folder}/work/{deliverable-id},"workflow spec, routing table, scoring, runbook"
Marketing Growth Suite,marketing-orchestrator,Marketing Orchestrator,MO,"CMO Orchestrator — sets the global marketing strategy, sequences campaigns across all 8 domains, owns the annual plan, and is the explicit escalation path for ESCALATED briefs. Also known as Max Growth. Use when user says marketing strategy, CMO, annual plan, or which orchestrator to use.",activate,,anytime,,,false,,"strategy doc, briefs"
Marketing Growth Suite,marketing-strategy,Marketing Strategy,MS,"Comprehensive marketing strategy development workflow. Lead: marketing-orchestrator. Use when user says full marketing strategy, go-to-market plan, or comprehensive strategy workflow.",activate,,anytime,,,false,{output_folder}/work/{strategy-id},"marketing strategy doc, channel strategies, action plan"
Marketing Growth Suite,media-relations-specialist,Media Relations Specialist,MRS,"Media Relations Specialist — pitch lists, press releases, journalist outreach, post-publication monitoring. Operates inside the brief-driven protocol. Also known as Maddy Media. Use when user says pitch list, press release, journalist outreach, or post-publication monitoring.",activate,,anytime,,,false,{output_folder}/work/{deliverable-id},"pitch list, press release, outreach, monitoring"
Marketing Growth Suite,paid-campaign-launch,Paid Campaign Launch,PCL,"Paid campaign launch workflow. Lead: Dani Demand (Digital). Coordinates paid-search + paid-demand + LP + tracking + lifecycle nurture into a single launch motion. Use when user says paid campaign launch, paid ramp, or coordinated paid + LP + lifecycle launch.",activate,,anytime,,,false,{output_folder}/work/{campaign-name},"campaign brief, paid setup, LP, tracking, lifecycle trigger"
Marketing Growth Suite,paid-search-specialist,Paid Search Specialist,PSS,"Paid Search Specialist — Google Ads, Bing Ads, Performance Max. Owns keyword tiering, ad variants, bid strategy. Operates inside the brief-driven protocol. Also known as Sean SEM. Use when user says Google Ads, Bing Ads, Performance Max, keyword tiering, or conversion tracking QA.",activate,,anytime,,,false,{output_folder}/work/{deliverable-id},"keyword plan, ads, bid strategy, tracking QA"
Marketing Growth Suite,paid-social-demand-specialist,Paid Social Demand Specialist,PSD,"Paid Social & Demand-Gen Specialist — LinkedIn Ads, Meta Ads, Google Demand Gen, YouTube Ads. Owns audiences, creative, attribution. Operates inside the brief-driven protocol. Also known as Posy Paid. Use when user says LinkedIn Ads, Meta Ads, Google Demand Gen, YouTube Ads, or attribution model.",activate,,anytime,,,false,{output_folder}/work/{deliverable-id},"audience defs, creative briefs, attribution"
Marketing Growth Suite,partner-co-marketing-campaign,Partner Co Marketing Campaign,PCM,"Partner co-marketing campaign workflow. Lead: Charlie Channel. End-to-end joint campaign with a strategic partner. Use when user says partner co-marketing campaign, joint campaign, or co-marketing motion.",activate,,anytime,,,false,{output_folder}/work/{yyyy-mm-partner-campaign},"joint brief, launch confirmation, joint retro"
Marketing Growth Suite,positioning-messaging-pmm,Positioning Messaging Pmm,PMP,"Positioning & Messaging PMM — turns positioning into messaging pillars, value props, and copy decks. Reports to Product Marketing Lead via brief-driven protocol. Also known as Mona Message. Use when user says messaging pillars, value props, positioning statement, or copy deck.",activate,,anytime,,,false,{output_folder}/work/{deliverable-id},"positioning v{n}, messaging pillars"
Marketing Growth Suite,positioning-workshop,Positioning Workshop,PW,"Positioning workshop workflow. Lead: Priya Position (PMM). Refreshes positioning.md and messaging pillars via a focused workshop. Use when user says positioning workshop, positioning refresh, or pillars refresh.",activate,,anytime,,,false,{output_folder}/work/{yyyy-qN-positioning-workshop},"positioning statement, messaging pillars, adoption confirmation"
Marketing Growth Suite,pr-comms-orchestrator,Pr Comms Orchestrator,PCO,"PR & Communications Lead — owns media relations, analyst relations (Gartner/Forrester/IDC), and executive comms. Delegates via the brief-driven protocol. Also known as Penny PR. Use when user says PR plan, media relations, analyst relations, executive comms, or crisis playbook.",activate,,anytime,,,false,{output_folder}/work/{deliverable-id},"PR plan, briefs, crisis playbook"
Marketing Growth Suite,product-launch,Product Launch,PL,"Product launch workflow (T-6 weeks through T+2 weeks). Lead: Priya Position (PMM). Replaces v1 launch-sequence; B2B-tech-shaped with explicit PR / Digital / Field hand-offs. Use when user says product launch, launch motion, or T-6w through T+2w launch workflow.",activate,,anytime,,,false,{output_folder}/work/{launch-name},"narrative, sales bundle, downstream briefs, retro"
Marketing Growth Suite,product-marketing-orchestrator,Product Marketing Orchestrator,PMO,"Product Marketing Lead — owns positioning, ICP, competitive intelligence, and product launches. Delegates to Positioning & Messaging PMM, Competitive Intelligence PMM, and Launch & Sales Enablement PMM. Also known as Priya Position. Use when user says positioning, ICP refresh, launch narrative, competitive intelligence, or sales enablement.",activate,,anytime,,,false,{output_folder}/work/{deliverable-id},"brief, review verdict, positioning updates"
Marketing Growth Suite,reply-objection-handler,Reply Objection Handler,ROH,"Reply and objection handler who classifies replies, drafts objection handling, drives to a booked meeting, and sets the CRM next step. Operates inside the brief-driven protocol. Also known as Ricky Reply. Use when user says handle a reply, objection handling, book the meeting, or next step.",activate,,anytime,,,false,{output_folder}/work/{account-id},"reply-log.md, playbooks/objections.md"
Marketing Growth Suite,sales-context-bootstrap,Sales Context Bootstrap,SCB,"Optional: extend the company-context OKF bundle with the sales layer — offerings, case studies, scoring model, buying-committee model, signal library, and playbooks. Scratch, import, or ingest modes. Never required for the agents to work.",run,{mode: scratch|import|ingest},anytime,,,false,{output_folder}/company-context,"offerings, case-studies, icp-fit-model, buying-committee-model, signal-library, playbooks"
Marketing Growth Suite,sales-presentation-advisor,Sales Presentation & Storyline Advisor,SPA,"Sales Presentation & Storyline Advisor who produces and critiques presentation storylines using a three-act structure (Hook to Challenge to Desire to Map; 3x3x3 anchors; complete-sentence headlines in active voice), and develops account-level storylines (Challenger insight + ABM message pillars) for the sales motion. Also known as Pierce Pitch. Use when user says pitch deck, presentation storyline, keynote, sales deck, board deck, slide headlines, storyline review, account storyline, value hypothesis, or approach pitch.",activate,,anytime,,,false,{output_folder}/work/{presentation-id},"storyline (acts I/II/III), headlines, account-storyline.md, sources used, missing slots"
Marketing Growth Suite,sales-prospecting-orchestrator,Sales Prospecting Orchestrator,SPO,"New-business orchestrator who sequences the prospecting motion end to end, issues briefs, owns review verdicts, and escalates. Delegates to the sales specialists via the brief-driven protocol. Also known as Sam Sell. Use when user says run an account, prospecting motion, issue a brief, review a deliverable, or which sales agent to use.",activate,,anytime,,,false,{output_folder}/work/{account-id},"account motion plan, briefs, review verdicts"
Marketing Growth Suite,seo-sprint,Seo Sprint,SS,"Focused SEO optimization sprint workflow from audit to actionable quick wins. Lead: seo-strategist. Use when user says SEO sprint, content-SEO sprint, or 2-week SEO optimization.",activate,,anytime,,,false,{output_folder}/work/{sprint-id},"SEO audit, keyword strategy, content gaps, quick wins"
Marketing Growth Suite,service-offering-advisor,Service Offering Advisor,SOA,"Service offering advisor who maintains the offering catalog and advises other agents on what each service comprises, its ICP, pains, personas, and proof to lead with. The case-studies proof library belongs to Cara Customer. Operates inside the brief-driven protocol. Also known as Otto Offer. Use when user says offering catalog, what does this service comprise, or which offering fits.",activate,,anytime,,,false,{output_folder}/company-context,"offerings, offering advice"
Marketing Growth Suite,social-media-strategist,Social Media Strategist,SMS,"Social Media Strategist who owns the full multi-platform presence — analyzes audiences, recommends priority channels, and handles LinkedIn, YouTube, Twitter / X, and Reddit directly as agent-owned capabilities. Also known as Nova Reach. Use when user says cross-platform social strategy, platform selection, LinkedIn post, LinkedIn article, YouTube channel strategy, video SEO, Twitter thread, or Reddit post.",activate,,anytime,,,false,{output_folder}/work/{deliverable-id},"cross-platform strategy, LinkedIn/YouTube/Twitter/Reddit content"
Marketing Growth Suite,technical-content-writer,Technical Content Writer,TCW,"Technical Content Writer — whitepapers, solution briefs, architecture-level technical guides for B2B technology buyers. Operates inside the brief-driven protocol. Also known as Theo Tech. Use when user says whitepaper, solution brief, technical guide, or reference architecture explainer.",activate,,anytime,,,false,{output_folder}/work/{deliverable-id},"whitepaper, solution brief, technical guide, reference arch"
Marketing Growth Suite,technical-seo-engineer,Technical Seo Engineer,TSE,"Technical SEO Engineer — indexation, schema, Core Web Vitals, hreflang, JS rendering, internal linking infrastructure. Operates inside the brief-driven protocol. Also known as Tek Crawl. Use when user says Core Web Vitals, schema, hreflang, indexation, or technical SEO audit.",activate,,anytime,,,false,{output_folder}/work/{deliverable-id},"tech-SEO audit, CWV diagnosis, schema, hreflang"
Marketing Growth Suite,web-cro-specialist,Web Cro Specialist,WCS,"Web & CRO Specialist — owns landing pages, hero treatments, A/B tests, conversion paths. Operates inside the brief-driven protocol. Also known as Wes Web. Use when user says landing page, A/B test, CRO experiment, hypothesis variants, or accessibility check.",activate,,anytime,,,false,{output_folder}/work/{deliverable-id},"landing page, A/B test spec, accessibility report"
Marketing Growth Suite,webinar-production,Webinar Production,WP,"Webinar production workflow. Lead: Frank Field. Pre-event drip → day-of run-of-show → 24h follow-up motion → attribution. Use when user says webinar production, single-webinar workflow, or webinar with follow-up motion.",activate,,anytime,,,false,{output_folder}/work/{yyyy-mm-webinar-X},"pre-event, run-of-show, follow-up, retro"
